objectid,filename,youtubeid,title,format,description,transcription,creator,recipient,date,date-is-approximate?,item_information,subject,location,latitude,longitude,related_publication,publisher-digital,source,findingaid,original-identifier,identifier,image_small,image_thumb,rights,rightsstatement,type,language,relation
p-2-01,p-2-01.pdf,,"Postcard of state capitol building in Carson City, Nevada (1942)",application/pdf,Illustration. Color. Capitol building with trees and walkway ,"Transcription Recto: (NA). Transcription Verso: Got your card, Shake, Sure I will exchange cards with you, What's doing around Scarboro, Are there any farmers & what do they raise. Thanks & hurry back. Oliver, Solseth,",Oliver Solseth,Mrs. Elien Moulton,1942-08-20,,postcard; personal correspondence,Utah; Ogden; United States; Maine; Scarboro; Building,"United States, Maine, Scarboro",43.5667,-70.3167,,Team Horse ,Juan Cobo Postcard Collection,,,p-2-01,objects/small/p-2-01_sm.jpg,objects/thumbs/p-2-01_th.jpg,"Educational use includes non-commercial use of text and images in materials for teaching and research purposes. Digital reproduction permissions granted by University of Idaho Library Special Collections and Archives Department. For other uses beyond free use, please contact University of Idaho Library Special Collections and Archives Department at libspec@uidaho.edu.",https://rightsstatements.org/vocab/InC-EDU/1.0/,text,English,
p-2-02,p-2-02.pdf,,Postcard of Niagara Falls (1920),application/pdf,"Illustration. Color. Niagra Falls, showing buildings and forest ",Transcription Recto: (NA). Transcription Verso: Niagara Falls 30 mai 1920. Chere Madame. Enfin j'ai vu la merveille! C'est ma}gnifique tant les chutes que les rapides. Bon souvenir a vous et Mr. Bernet,illegible,Mrs. Bernet,1920-05-31,,postcard; personal correspondence,Ontario; Niagara Falls; France; Seine et Oise; Enghein les Bains; naturescape,"France, Seine et Oise, Enghein les Bains",48.75,2,,Team Horse ,Juan Cobo Postcard Collection,,,p-2-02,objects/small/p-2-02_sm.jpg,objects/thumbs/p-2-02_th.jpg,"Educational use includes non-commercial use of text and images in materials for teaching and research purposes. Digital reproduction permissions granted by University of Idaho Library Special Collections and Archives Department. For other uses beyond free use, please contact University of Idaho Library Special Collections and Archives Department at libspec@uidaho.edu.",https://rightsstatements.org/vocab/InC-EDU/1.0/,text,French,
p-2-03,p-2-03.pdf,,Thanksgiving postcard with turkey and little girl (1910),application/pdf,Illustration. Color. A Turkey (left) facing a girl (right) dressed in a bonnet and dress and holding a stalk of corn,"Transcription Recto: (NA). Transcription Verso: November 23, 1910.  Wishing you all Happy Thanksgivings. Mrs. Robert G. Westerman",Robert G. Westerman,Miss Elsie Weiffenbach,1910-12-25,,postcard; personal correspondence,United States; Washington; Seattle; holiday,"United States, Washington, Seattle",48.5000,-122.6333,,Team Horse ,Juan Cobo Postcard Collection,,,p-2-03,objects/small/p-2-03_sm.jpg,objects/thumbs/p-2-03_th.jpg,"Educational use includes non-commercial use of text and images in materials for teaching and research purposes. Digital reproduction permissions granted by University of Idaho Library Special Collections and Archives Department. For other uses beyond free use, please contact University of Idaho Library Special Collections and Archives Department at libspec@uidaho.edu.",https://rightsstatements.org/vocab/InC-EDU/1.0/,text,English,
p-2-04,p-2-04.pdf,,"Postcard of post office in Springfield, Massachusetts (1912)",application/pdf,"Photograph. Color. Brick building, street corner, pedestrians in foreground",Transcription Recto: Hope you are well this beautiful Sunday. Transcription Verso: Oct 27 1912. Am at 3 Tanner St. Saw Aunt Sarah + Aunt Ruth both today seems about as usual Aunt Sarah is home Clarence is going to keep house just same without her she grants me to come with Lee I may go later but the people here are nice to me so I shall stay a while any way ask Bertha if this looks natural as about a year ago we visited it together Best wishes to all you (illegible) daughter C(illegible),blank,Mrs. Sarah E Thurston,1912-10-28,,postcard; personal correspondence,United States; Rhode Island; Providence; building,"United States, Rhode Island, Portsmouth",41.6000,-71.2500,,Team Horse ,Juan Cobo Postcard Collection,,,p-2-04,objects/small/p-2-04_sm.jpg,objects/thumbs/p-2-04_th.jpg,"Educational use includes non-commercial use of text and images in materials for teaching and research purposes. Digital reproduction permissions granted by University of Idaho Library Special Collections and Archives Department. For other uses beyond free use, please contact University of Idaho Library Special Collections and Archives Department at libspec@uidaho.edu.",https://rightsstatements.org/vocab/InC-EDU/1.0/,text,English,
p-2-05,p-2-05.pdf,,Christmas postcard with greenery and clasped hands (1910),application/pdf,"Illustration. Color. Hands engaged in a handshake over holly leaves and berries in green, red, white, and holiday greeting text ",Transcription Recto: (NA). Transcription Verso: December 22-1910. Dearest Son Frank: May you always have happy (illegible) of the Day. Your loving Mother. Mrs Robert G Westerman,Robert G. Westerman,Mr. Frank Ray Westerman,1910-12-23,,postcard; personal correspondence,United States; California; San Francisco; Washington; Seattle; holiday,"United States, California, San Francisco",37.7667,-122.4167,,Team Horse ,Juan Cobo Postcard Collection,,,p-2-05,objects/small/p-2-05_sm.jpg,objects/thumbs/p-2-05_th.jpg,"Educational use includes non-commercial use of text and images in materials for teaching and research purposes. Digital reproduction permissions granted by University of Idaho Library Special Collections and Archives Department. For other uses beyond free use, please contact University of Idaho Library Special Collections and Archives Department at libspec@uidaho.edu.",https://rightsstatements.org/vocab/InC-EDU/1.0/,text,English,
p-2-06,p-2-06.pdf,,"Postcard of a totem pole in Seattle, Washington (1911)",application/pdf,"Photograph. Color. Seattle city square, indigenous style totem pole, buildings surround green, pedestrians, billboards  ",Transcription Recto: (NA). Transcription Verso: We are having fine weather and good crowds. This city has grown to be a real (illegible) (illegible) (illegible). There are some fine new hotel buildings. (illegible). ,illegible,Mrs. Geo. Welte,1911-09-23,,postcard; personal correspondence,United States; Michigan; Belding; Washington; Seattle; cityscape,"United States, Michigan, Belding",43.0833,-85.2167,,Team Horse ,Juan Cobo Postcard Collection,,,p-2-06,objects/small/p-2-06_sm.jpg,objects/thumbs/p-2-06_th.jpg,"Educational use includes non-commercial use of text and images in materials for teaching and research purposes. Digital reproduction permissions granted University of Idaho Library Special Collections and Archives Department. For other uses beyond free use, please contact University of Idaho Library Special Collections and Archives Department at libspec@uidaho.edu.",https://rightsstatements.org/vocab/InC-EDU/1.0/,text,English,
p-2-07,p-2-07.pdf,,"Postcard with a view of Quebec City, Canada (1946)",application/pdf,Photograph. Color. View of castle and surrounding town across the water,Transcription Recto: do you wish you were here its beautiful. Transcription Verso: having a grand time it is beautiful here wish you were here. love Katie Marie - Frank,Katie Marie and Frank,Mr. Mrs. J. McDonald,1946-06-19,,postcard; personal correspondence,United States; New York; Yonkers; Quebec; Montreal; cityscape,"United States, New York, Yonkers",40.9167,-73.8833,,Team Horse ,Juan Cobo Postcard Collection,,,p-2-07,objects/small/p-2-07_sm.jpg,objects/thumbs/p-2-07_th.jpg,"Educational use includes non-commercial use of text and images in materials for teaching and research purposes. Digital reproduction permissions granted University of Idaho Library Special Collections and Archives Department. For other uses beyond free use, please contact University of Idaho Library Special Collections and Archives Department at libspec@uidaho.edu.",https://rightsstatements.org/vocab/InC-EDU/1.0/,text,English,
p-2-08,p-2-08.pdf,,Postcard of a family at the beach with lobster joke (1910),application/pdf,Illustration. Color. Beachside scene with a boy in a red cap with a red pail (right) speaking to a seated woman in a red dress and floral hat holding reading material (magazine?) (left). Further left of the woman is a man seated on the beach holding a newspaper and wearing a sportscoat and brimmed hat,"Transcription Recto: Hello Elise. I guess I will drop you a postal for I have nothing else to do till 8'o clock because I got a date with my girl you talk about they an't any pretty girls in small towns well you should see this one she has got them all beat in Seattle. Bethel, and all the other towns, I will tell you what she looks like when I get home I also won't be home till Sunday (illegible). Transcription Verso: I am going to a mastergrade dance to-morrow night with my sweetheart, D'you Riddle? How is my Big Brother getting along tell him I am having a swell time we go to work at 7oclock and quit at seven at night (illegible) you see? (illegible) not all in at night time I (illegible) dancing the (illegible) with my girl and we get (illegible) in (illegible) she got you skinned in dancing I think we would of won if I hadn't got nervous at last, The prize was (illegible) and I needd to (illegible) Gee I was sore. Well got (illegible) Brother (illegible)",illegible,Miss Elise Weiffenbach,1910-12-14,,postcard; personal correspondence,United States; Washington; Seattle; Washington; Walla Walla; naturescape,"United States, Washington, Seattle",48.5000,-122.6333,,Team Horse ,Juan Cobo Postcard Collection,,,p-2-08,objects/small/p-2-08_sm.jpg,objects/thumbs/p-2-08_th.jpg,"Educational use includes non-commercial use of text and images in materials for teaching and research purposes. Digital reproduction permissions granted by University of Idaho Library Special Collections and Archives Department. For other uses beyond free use, please contact University of Idaho Library Special Collections and Archives Department at libspec@uidaho.edu.",https://rightsstatements.org/vocab/InC-EDU/1.0/,text,English,
p-2-09,p-2-09.pdf,,"Postcard with a view of Searsport, Maine (1908)",application/pdf,Suspected photograph. Color. A town and forest in the background situated on the edge of a body of water.,"Transcription Recto: (NA). Transcription Verso: Dear Ned:- How the wind blows, I guess you will blow away going to school. There was an bad accident here yesterday while the children were out at recess the car run over one little boy cut off his arms and "" his body in two. Baby is eating his dinner. Write when you can. (illegible) (illegible) ",illegible,Ned C Cutting,1908-11-13,,postcard; personal correspondence,United States; Maine; Warren; Maine; Camden; cityscape,"United States, Maine, Warren",44.0667,-69.2167,,Team Horse ,Juan Cobo Postcard Collection,,,p-2-09,objects/small/p-2-09_sm.jpg,objects/thumbs/p-2-09_th.jpg,"Educational use includes non-commercial use of text and images in materials for teaching and research purposes. Digital reproduction permissions granted University of Idaho Library Special Collections and Archives Department. For other uses beyond free use, please contact University of Idaho Library Special Collections and Archives Department at libspec@uidaho.edu.",https://rightsstatements.org/vocab/InC-EDU/1.0/,text,English,
p-2-10,p-2-10.pdf,,"Postcard with a view of Acadia National Park, Maine (1948)",application/pdf,"Photograph. Color. A row of rocks, green forested hills, body of water","Transcription Recto: (NA). Transcription Verso: Friday- You've seen it, but I haven't-but you make it all right. We'll see it one of these days-Babe!  (illegible)",illegible,Miss M. Cummings,1948-10-09,,postcard; personal correspondence,United States; California; Santa Cruz; Maine; Bath; naturescape,"United States, California, Santa Cruz",36.9667,-122.0167,,Team Horse ,Juan Cobo Postcard Collection,,,p-2-10,objects/small/p-2-10_sm.jpg,objects/thumbs/p-2-10_th.jpg,"Educational use includes non-commercial use of text and images in materials for teaching and research purposes. Digital reproduction permissions granted by University of Idaho Library Special Collections and Archives Department. For other uses beyond free use, please contact University of Idaho Library Special Collections and Archives Department at libspec@uidaho.edu.",https://rightsstatements.org/vocab/InC-EDU/1.0/,text,English,
p-2-11,p-2-11.pdf,,Postcard with a photograph of a young woman reclining on a hammock (1910),application/pdf,"Photograph. Black-and-white. A young woman with long dark hair wearing a white dress, lying on a hammock. Text reads ""There's room for two here.""","Transcription Recto: I don't know if you'll get this, but will send it any way. There's ""some class"" to those ""kodak pictures"" you sent, Gee but you're getting to be a ""sport."" I suppose you'll be glad to see your little wifey (Frank). Don't celebrate to much. Give our love to Frank from all, & keep some for yourself. Transcription Verso: Dear (illegible): Received your letter yesterday, was pleased to get it. I see that you at last are leaving Salt Lake. Ma and I were afraid you'd be a ""Mormon"" pretty soon, if you didn't leave. You'd better come home before the cold weather sets in, Archie is sitting behind the stove all ready every night when he comes home from work. - Sis . From  302-13th Ave No. Seattle, Wn.  ""(illegible) (illegible)""",Sis,"Mr. C. Weiffenbach
",1910-09-09,,postcard; personal correspondence,United States; California; San Francisco; Washington; Seattle; portrait,"United States, California, San Francisco",37.7667,-122.4167,,Team Horse ,Juan Cobo Postcard Collection,,,p-2-11,objects/small/p-2-11_sm.jpg,objects/thumbs/p-2-11_th.jpg,"Educational use includes non-commercial use of text and images in materials for teaching and research purposes. Digital reproduction permissions granted by University of Idaho Library Special Collections and Archives Department. For other uses beyond free use, please contact University of Idaho Library Special Collections and Archives Department at libspec@uidaho.edu.",https://rightsstatements.org/vocab/InC-EDU/1.0/,text,English,
p-2-12,p-2-12.pdf,,"Postcard of the Tuileries garden, Paris, France (1920)",application/pdf,Illustration. Color. A large building and a garden with statuary,"Transcription Recto: (NA). Transcription Verso: 10/13/20. Wonderfully beautiful place. This old arch was to commemmorate Napoleon's victories-erected about 1805. There are many beautiful things here. We have been in the Louvre museum from which this view is taken, to-day. Carl + Ellen",Carl and Ellen,Mr. S. G. Strom,1920-10-13,,postcard; personal correspondence,United States; New York; Brooklyn; building,"United States, New York, Brooklyn",40.6833,-73.9667,,Team Horse ,Juan Cobo Postcard Collection,,,p-2-12,objects/small/p-2-12_sm.jpg,objects/thumbs/p-2-12_th.jpg,"Educational use includes non-commercial use of text and images in materials for teaching and research purposes. Digital reproduction permissions granted by University of Idaho Library Special Collections and Archives Department. For other uses beyond free use, please contact University of Idaho Library Special Collections and Archives Department at libspec@uidaho.edu.",https://rightsstatements.org/vocab/InC-EDU/1.0/,text,English,
p-2-13,p-2-13.pdf,,"Postcard of the municipial buildings in Greenock, Scotland (1906)",application/pdf,Illustration. Color. City street dominated by a building with a tall tower,Transcription Recto: (NA). Transcription Verso: No S at 11- next Sun. (illegible),illegible,Miss M. Montgomori,1906-07-07,,postcard; personal correspondence,United Kingdom; Scotland; Stornoway; Scotland; Greenock; building,"United Kingdom, Scotland, Stornoway",58.2167,-6.3667,,Team Horse ,Juan Cobo Postcard Collection,,,p-2-13,objects/small/p-2-13_sm.jpg,objects/thumbs/p-2-13_th.jpg,"Educational use includes non-commercial use of text and images in materials for teaching and research purposes. Digital reproduction permissions granted by University of Idaho Library Special Collections and Archives Department. For other uses beyond free use, please contact University of Idaho Library Special Collections and Archives Department at libspec@uidaho.edu.",https://rightsstatements.org/vocab/InC-EDU/1.0/,text,English,
p-2-14,p-2-14.pdf,,"Postcard with a view of Drammen, Norway (1911)",application/pdf,"Suspected photograph. Color. A town by a river, with pine trees in the foreground","Transcription Recto: (NA). Transcription Verso: Oct 15th 1911 Sonday. Dear Children, The long looked for Boy arriaved in the Hagen family about 6 Oclock Saturday A.M. Mother + babe doing well. The neighbors kept their promise they are very kind to them. The Engaged Nurse is still at the other place and can not leave. A Mrs Stevens of Summerset will be with them Monday. They have had a girl for some time but she goes home every Saturday night ""with a Rig of (illegible)"" comes back Monday A.M. George came for Auntie last night to be with them untill this evening and Kate will stay untill nurse & girl comes. Eloise was here all night. Affect Mother",Mother,Mrs. A.C. Wood,1911-10-16,,postcard; personal correspondence,United States; Iowa; Oskaloosa; Iowa; Indianola; cityscape,"United States, Iowa, Oskaloosa",41.2833,-92.6333,,Team Horse ,Juan Cobo Postcard Collection,,,p-2-14,objects/small/p-2-14_sm.jpg,objects/thumbs/p-2-14_th.jpg,"Educational use includes non-commercial use of text and images in materials for teaching and research purposes. Digital reproduction permissions granted by University of Idaho Library Special Collections and Archives Department. For other uses beyond free use, please contact University of Idaho Library Special Collections and Archives Department at libspec@uidaho.edu.",https://rightsstatements.org/vocab/InC-EDU/1.0/,text,English,
p-2-15,p-2-15.pdf,,Postcard with an illustration of a woman in hunting gear (date illegible),application/pdf,Illustration non-specific. Color. A woman in hunting clothes with a rifle and a dog in a forest,"Transcription Recto: (NA). Transcription Verso: Hello John-  How are you coming these days? Rec'd your picture this p.m. & was certainly delighted to get it. It certainly is a good picture of you. look just like you.  So long-  your friend, (Raph)",Ralph,Mr. J.H. (illegible),,yes,postcard; personal correspondence,United States; Kentucky; Somerset; Tennessee; Sunbright; portrait,"United States, Kentucky, Somerset",38.9167,-107.4667,,Team Horse ,Juan Cobo Postcard Collection,,,p-2-15,objects/small/p-2-15_sm.jpg,objects/thumbs/p-2-15_th.jpg,"Educational use includes non-commercial use of text and images in materials for teaching and research purposes. Digital reproduction permissions granted by University of Idaho Library Special Collections and Archives Department. For other uses beyond free use, please contact University of Idaho Library Special Collections and Archives Department at libspec@uidaho.edu.",https://rightsstatements.org/vocab/InC-EDU/1.0/,text,English,
p-2-16,p-2-16.pdf,,"Postcard of the Saltair pavilion, Great Salt Lake, Utah (1952)",application/pdf,"Illustration, specific. Color. A colorful pavilion with a carousel on the shore of a body of water, with mountains in the distance",Transcription Recto: (NA). Transcription Verso: Hello:- Waded in the waters of this lake today Am at a Motel in Ogden tonight. Start out for Bert's in the morning Took a trip through the Mormon (Square) (illegible) (illegible) (illegible). Love Mother.,Mother,Mr. Quentin Benson,1952-08-16,,postcard; personal correspondence,United States; Minnesota; Harmony; Utah; Ogden; building,"United States, Minnesota, Harmony",43.5500,-92.0000,,Team Horse ,Juan Cobo Postcard Collection,,,p-2-16,objects/small/p-2-16_sm.jpg,objects/thumbs/p-2-16_th.jpg,"Educational use includes non-commercial use of text and images in materials for teaching and research purposes. Digital reproduction permissions granted University of Idaho Library Special Collections and Archives Department. For other uses beyond free use, please contact University of Idaho Library Special Collections and Archives Department at libspec@uidaho.edu.",https://rightsstatements.org/vocab/InC-EDU/1.0/,text,English,
p-2-17,p-2-17.pdf,,"Postcard of the Eagle Gate, Salt Lake City, Utah (1906)",application/pdf,Suspected photograph. Color. Arch with an eagle on top spanning a street lined with trees,Transcription Recto: (NA). Transcription Verso: (NA),blank,Miss (illegible) (illegible),1906-10-02,,postcard; personal correspondence,United States; New York; Watertown; New York; building,"United States, New York, Watertown",43.9500,-75.8500,,Team Horse ,Juan Cobo Postcard Collection,,,p-2-17,objects/small/p-2-17_sm.jpg,objects/thumbs/p-2-17_th.jpg,"Educational use includes non-commercial use of text and images in materials for teaching and research purposes. Digital reproduction permissions granted by University of Idaho Library Special Collections and Archives Department. For other uses beyond free use, please contact University of Idaho Library Special Collections and Archives Department at libspec@uidaho.edu.",https://rightsstatements.org/vocab/InC-EDU/1.0/,text,English,
p-2-18,p-2-18.pdf,,"Postcard of victory monument in Berlin, Germany (1951)",application/pdf,Photograph. Black-and-white. An obelisk-like monument,Transcription Recto: (NA). Transcription Verso: Hi Gramps. I guess by now the weather is good-did you have a cold winter? Frank,Frank,Mr. (illegible) (Geram),1951-06-03,,postcard; personal correspondence,United States; Minnesota; Gilbert; U.S. Army Postal Service; building,"United States, Minnesota, Gilbert",47.4833,-92.45,,Team Horse ,Juan Cobo Postcard Collection,,,p-2-18,objects/small/p-2-18_sm.jpg,objects/thumbs/p-2-18_th.jpg,"Educational use includes non-commercial use of text and images in materials for teaching and research purposes. Digital reproduction permissions granted by University of Idaho Library Special Collections and Archives Department. For other uses beyond free use, please contact University of Idaho Library Special Collections and Archives Department at libspec@uidaho.edu.",https://rightsstatements.org/vocab/InC-EDU/1.0/,text,English,
p-2-19,p-2-19.pdf,,"Postcard of Andrew Jackson's house, Nashville, Tennessee (1906)",application/pdf,Photograph. Black-and-white. A stately house with columns partially obscured by trees,Transcription Recto: M.M. 2/25/06. (I) (illegible) (of) (illegible). Transcription Verso: (NA).,blank,Miss Madeline M.J. (Mahoney),1906-02-20,,postcard; personal correspondence,United States; New York; Brooklyn; Tennessee; building,"United States, New York, Brooklyn",40.6833,-73.9667,,Team Horse ,Juan Cobo Postcard Collection,,,p-2-19,objects/small/p-2-19_sm.jpg,objects/thumbs/p-2-19_th.jpg,"Educational use includes non-commercial use of text and images in materials for teaching and research purposes. Digital reproduction permissions granted by University of Idaho Library Special Collections and Archives Department. For other uses beyond free use, please contact University of Idaho Library Special Collections and Archives Department at libspec@uidaho.edu.",https://rightsstatements.org/vocab/InC-EDU/1.0/,text,English,
p-2-20,p-2-20.pdf,,"Postcard of post office in Ottawa, Canada (1909)",application/pdf,Suspected photograph. Color. City streets with pedestrians and buildings,Transcription Recto: (NA). Transcription Verso: Ottawa Canada 31/8/09. (illegible) back safely last night & everyone seems quite pleased to see us - Saw about a flat today & are almost decided about taking it - $58.00 a (illegible) pretty high for just two people but one is happier in a (illegible) of one's own (making).,illegible,Miss Katie G. Gelson,1909-09-01,,postcard; personal correspondence,United States; Maine; South Portland; Ontario; Ottawa; Canada; building,"United States, Maine, South Portland",43.6333,-70.2333,,Team Horse ,Juan Cobo Postcard Collection,,,p-2-20,objects/small/p-2-20_sm.jpg,objects/thumbs/p-2-20_th.jpg,"Educational use includes non-commercial use of text and images in materials for teaching and research purposes. Digital reproduction permissions granted by University of Idaho Library Special Collections and Archives Department. For other uses beyond free use, please contact University of Idaho Library Special Collections and Archives Department at libspec@uidaho.edu.",https://rightsstatements.org/vocab/InC-EDU/1.0/,text,English,
p-2-21,p-2-21.pdf,,"Postcard with a view of a lookout point in Montreal, Canada (1949)",application/pdf,"Illustration. Color. People on the walkway looking out at the view
Gardens","Transcription Recto: . Transcription Verso: Dear (illegible) & (illegible)
 recieved every bit of writing you have sent have been very sick for three weeks could see or read every thing much better now and glad to wish you a very happy Easter
 Love from A & B",(A & B),,1949-04-11,,postcard; personal correspondence,United States; Maine; Portland; Quebec; Montreal; building,"United States, Maine, Portland",43.6500,-70.2500,,Team Horse ,Juan Cobo Postcard Collection,,,p-2-21,objects/small/p-2-21_sm.jpg,objects/thumbs/p-2-21_th.jpg,"Educational use includes non-commercial use of text and images in materials for teaching and research purposes. Digital reproduction permissions granted by University of Idaho Library Special Collections and Archives Department. For other uses beyond free use, please contact University of Idaho Library Special Collections and Archives Department at libspec@uidaho.edu.",https://rightsstatements.org/vocab/InC-EDU/1.0/,text,English,
p-2-22,p-2-22.pdf,,Thanksgiving postcard with a turkey (1910),application/pdf,Illustration. Color. Turkey in a bowler hat and green polka dot neckerchief with basket of cranberries,Transcription Recto: Dear Freda: How are you? Better hurry with that letter of yours + pictures you are going to send. Recieved your card. Good By. Nelly. Transcription Verso: (NA).,Nelly,Miss Freda Wiffenbach,1910-11-22,,postcard; personal correspondence,United States; Washington; Seattle; California; Los Angeles; holiday,"United States, Washington, Seattle",48.5000,-122.6333,,Team Horse ,Juan Cobo Postcard Collection,,,p-2-22,objects/small/p-2-22_sm.jpg,objects/thumbs/p-2-22_th.jpg,"Educational use includes non-commercial use of text and images in materials for teaching and research purposes. Digital reproduction permissions granted by University of Idaho Library Special Collections and Archives Department. For other uses beyond free use, please contact University of Idaho Library Special Collections and Archives Department at libspec@uidaho.edu.",https://rightsstatements.org/vocab/InC-EDU/1.0/,text,English,
p-2-23,p-2-23.pdf,,"Postcard with a view of a promenade and castle in Havana, Cuba (1906)",application/pdf,"Photograph. Color. Havana promenade, pedestrians in foreground by gazebo, castle across water in background",Transcription Recto: castle in the distance. Transcription Verso: (NA).,blank,Miss Sowe,1906-03-03,,postcard; personal correspondence,United States; Minnesota; Minneapolis; Cuba; Havana; cityscape,"United States, Minnesota, Minneapolis",44.9667,-93.2500,,Team Horse ,Juan Cobo Postcard Collection,,,p-2-23,objects/small/p-2-23_sm.jpg,objects/thumbs/p-2-23_th.jpg,"Educational use includes non-commercial use of text and images in materials for teaching and research purposes. Digital reproduction permissions granted by University of Idaho Library Special Collections and Archives Department. For other uses beyond free use, please contact University of Idaho Library Special Collections and Archives Department at libspec@uidaho.edu.",https://rightsstatements.org/vocab/InC-EDU/1.0/,text,English,
p-2-24,p-2-24.pdf,,Postcard of Niagara Falls (1913),application/pdf,"Photograph. Color. Waterfalls with trees, sky, and bridges in background",Transcription Recto: Non hel Martin. Transcription Verso: (NA),blank,Monsiuer Linus Buys ,1913-06-28,,postcard; personal correspondence,Belgium; Flanders; Antwerp; Quebec; Montreal; naturescape,"Belgium, Flanders, Antwerp",51.2199,4.4150,,Team Horse ,Juan Cobo Postcard Collection,,,p-2-24,objects/small/p-2-24_sm.jpg,objects/thumbs/p-2-24_th.jpg,"Educational use includes non-commercial use of text and images in materials for teaching and research purposes. Digital reproduction permissions granted by University of Idaho Library Special Collections and Archives Department. For other uses beyond free use, please contact University of Idaho Library Special Collections and Archives Department at libspec@uidaho.edu.",https://rightsstatements.org/vocab/InC-EDU/1.0/,text,French,
p-2-25,p-2-25.pdf,,Valentine postcard with illustration of blue flowers (1911),application/pdf,"Illustration. Color. Wicker basket with blue flowers and blue bows, valentine's day greeting",Transcription Recto: (NA). Transcription Verso: (NA),blank,Miss Freda Wiffenbach,1911-02-14,,postcard; personal correspondence,United States; Washington; Seattle; holiday,City,,,,Team Horse ,Juan Cobo Postcard Collection,,,p-2-25,objects/small/p-2-25_sm.jpg,objects/thumbs/p-2-25_th.jpg,"Educational use includes non-commercial use of text and images in materials for teaching and research purposes. Digital reproduction permissions granted by University of Idaho Library Special Collections and Archives Department. For other uses beyond free use, please contact University of Idaho Library Special Collections and Archives Department at libspec@uidaho.edu.",https://rightsstatements.org/vocab/InC-EDU/1.0/,text,English,
p-2-26,p-2-26.pdf,,"Postcard of a landscape on Mount Desert Island, Maine (1905)",application/pdf,Photograph. Black and white. A rocky cave meets the ocean. A few people stand at the edge of the rocks.,Transcription Recto: Frank R. and Keith are here in the P.O. with me. Maybe down a few minutes this eve. H. Transcription Verso: (NA),H,Miss Jamie E. Bussel,1905-12-16,,postcard; personal correspondence,United States; Maine; Old Town; Bar Harbor; naturescape,"United States, Maine, Old Town",44.9348,-68.6457,,Team Horse ,Juan Cobo Postcard Collection,,,p-2-26,objects/small/p-2-26_sm.jpg,objects/thumbs/p-2-26_th.jpg,"Educational use includes non-commercial use of text and images in materials for teaching and research purposes. Digital reproduction permissions granted by University of Idaho Library Special Collections and Archives Department. For other uses beyond free use, please contact University of Idaho Library Special Collections and Archives Department at libspec@uidaho.edu.",https://rightsstatements.org/vocab/InC-EDU/1.0/,text,English,
p-2-27,p-2-27.pdf,,"Postcard of St. Peter's Church in Philadelphia, Pennsylvania (date illegible)",application/pdf,"Illustration. Color. A cemetery and headstones in the foreground, with a church in the background. ","Transcription Recto: (NA). Transcription Verso: Hello Bill, Am on my way home. Think I will get there (illegible) this (Daddy)",Daddy,Billy Macafen,,yes,postcard; personal correspondence,United States; Illinois; Wheaton; Pennsylvania; Philadelphia; building,"United States, Illinois, Wheaton",41.8661,-88.1070,,Team Horse ,Juan Cobo Postcard Collection,,,p-2-27,objects/small/p-2-27_sm.jpg,objects/thumbs/p-2-27_th.jpg,"Educational use includes non-commercial use of text and images in materials for teaching and research purposes. Digital reproduction permissions granted by University of Idaho Library Special Collections and Archives Department. For other uses beyond free use, please contact University of Idaho Library Special Collections and Archives Department at libspec@uidaho.edu.",https://rightsstatements.org/vocab/InC-EDU/1.0/,text,English,
p-2-28,p-2-28.pdf,,"Postcard of the Ambassador Hotel in Washington, D.C. (1939)",application/pdf,Photograph. Black and white. A hotel on a streetcorner of a city block.,"Transcription Recto: (NA). Transcription Verso: Dear Naomi, Went out with Joe & Ben but didn't do much. Will tell you all about it! Hope it snows before we leave. Regards to the kids. 
 Annette & Lillian",Annette and Lillian,Miss Naomi Bloom,1939-11-21,,postcard; personal correspondence,United States; California; Long Beach; Washington D.C.; building,"United States, California, Long Beach",33.7701,-118.1937,,Team Horse ,Juan Cobo Postcard Collection,,,p-2-28,objects/small/p-2-28_sm.jpg,objects/thumbs/p-2-28_th.jpg,"Educational use includes non-commercial use of text and images in materials for teaching and research purposes. Digital reproduction permissions granted by University of Idaho Library Special Collections and Archives Department. For other uses beyond free use, please contact University of Idaho Library Special Collections and Archives Department at libspec@uidaho.edu.",https://rightsstatements.org/vocab/InC-EDU/1.0/,text,English,
p-2-29,p-2-29.pdf,,Postcard with an illustration of a Canadian mounted policeman (1954),application/pdf,Illustration. Color. A portrait of a man in a Canadian Mounted Police uniform sits astride a bay horse. A body of water and a green hillside rise behind them. ,Transcription Recto: (NA). Transcription Verso: (NA).,Anderson,Miss Eulah Anderson,1954-10-25,,postcard; personal correspondence,United States; Missouri; Kansas City; Canada; portrait,"United States, Missouri, Kansas City",39.0997,-94.5786,,Team Horse ,Juan Cobo Postcard Collection,,,p-2-29,objects/small/p-2-29_sm.jpg,objects/thumbs/p-2-29_th.jpg,"Educational use includes non-commercial use of text and images in materials for teaching and research purposes. Digital reproduction permissions granted by University of Idaho Library Special Collections and Archives Department. For other uses beyond free use, please contact University of Idaho Library Special Collections and Archives Department at libspec@uidaho.edu.",https://rightsstatements.org/vocab/InC-EDU/1.0/,text,English,
p-2-30,p-2-30.pdf,,"Postcard of the Chambre des Deputes, Paris, France (1918)",application/pdf,"Photograph. Black-and-white. Bridge over a body of water leading to a Romanesque building
 ",Transcription Recto: Dear Brother. I went out and saw this tower the other day and it sure is a wonder. The Ferris wheel is near and I went on it. The tour is over 900 ft. high and the Ferris wheel is about 300 I think. Nearly all of the new arrivals in Paris get an ailment somewhat like a sore throat and so we have almost all been affected by it. I had it but am well now and keep going. The last few days and nights have been quiet. P.S I thot I was writing on another card that pictured the Eiffel Tour. We had some rain tonight so won't get an air raid.. Transcription Verso: (NA).,H.D.,Mr. Herschel Douglas,1918-10-06,,postcard; personal correspondence,United States; California; Los Angeles; building,"United States, California, Los Angeles",34.0549,-118.2426,,Team Horse ,Juan Cobo Postcard Collection,,,p-2-30,objects/small/p-2-30_sm.jpg,objects/thumbs/p-2-30_th.jpg,"Educational use includes non-commercial use of text and images in materials for teaching and research purposes. Digital reproduction permissions granted by University of Idaho Library Special Collections and Archives Department. For other uses beyond free use, please contact University of Idaho Library Special Collections and Archives Department at libspec@uidaho.edu.",https://rightsstatements.org/vocab/InC-EDU/1.0/,text,English,
p-2-31,p-2-31.pdf,,Postcard of a funeral procession (1918),application/pdf,,,Claudine,Mademoiselle Herschel Douglas,1918-07-08,,postcard; personal correspondence,Antwerp; Belgium; United States; California; Oakland; cityscape,"United States, California, Oakland",37.8044,-122.2712,,Team Horse ,Juan Cobo Postcard Collection,,,p-2-31,objects/small/p-2-31_sm.jpg,objects/thumbs/p-2-31_th.jpg,"Educational use includes non-commercial use of text and images in materials for teaching and research purposes. Digital reproduction permissions granted by University of Idaho Library Special Collections and Archives Department. For other uses beyond free use, please contact University of Idaho Library Special Collections and Archives Department at libspec@uidaho.edu.",https://rightsstatements.org/vocab/InC-EDU/1.0/,text,French,